Date,High,Low,Close,Open
2019-01-01,10923.6,10807.1,10910.1,10881.7
2019-01-02,10895.35,10735.05,10792.5,10868.85
2019-01-03,10814.05,10661.25,10672.25,10796.8
2019-01-04,10741.05,10628.65,10727.35,10699.7
2019-01-05,10835.95,10750.15,10771.8,10804.85
2019-01-06,10818.45,10733.25,10802.15,10786.25
2019-01-07,10870.4,10749.4,10855.15,10862.4
2019-01-08,10859.35,10801.8,10821.6,10859.35
2019-01-09,10850.15,10739.4,10794.95,10834.75
2019-01-10,10808,10692.35,10737.6,10807
2019-01-11,10896.95,10777.55,10886.8,10777.55
2019-01-12,10928.15,10876.9,10890.3,10899.65
2019-01-13,10930.65,10844.65,10905.2,10920.85
2019-01-14,10928.2,10852.2,10906.95,10914.85
2019-01-15,10987.45,10885.75,10961.85,10919.35
2019-01-16,10949.8,10864.15,10922.75,10949.8
2019-01-17,10944.8,10811.95,10831.5,10931.05
2019-01-18,10866.6,10798.65,10849.8,10844.05
2019-01-19,10931.7,10756.45,10780.55,10859.75
2019-01-20,10804.45,10630.95,10661.55,10792.45
2019-01-21,10690.35,10583.65,10652.2,10653.7
2019-01-22,10710.2,10612.85,10651.8,10702.25
2019-01-23,10838.05,10678.55,10830.95,10690.55
2019-01-24,10983.45,10813.45,10893.65,10851.35
2019-01-25,10927.9,10814.15,10912.25,10876.75
2019-01-26,10956.7,10886.7,10934.35,10908.65
2019-01-27,11072.6,10962.7,11062.45,10965.1
2019-01-28,11118.1,11043.6,11069.4,11070.45
2019-01-29,11041.2,10925.45,10943.6,11023.5
2019-01-30,10930.9,10857.1,10888.8,10930.9
2019-01-31,10910.9,10823.8,10831.4,10879.7
2019-02-01,10891.65,10772.1,10793.65,10870.55
2019-02-02,10792.7,10718.75,10746.05,10786.1
2019-02-03,10785.75,10620.4,10724.4,10780.25
2019-02-04,10759.9,10628.4,10640.95,10738.65
2019-02-05,10722.85,10585.65,10604.35,10636.7
2019-02-06,10752.7,10646.4,10735.45,10655.45
2019-02-07,10808.85,10721.5,10789.85,10744.1
2019-02-08,10801.55,10758.4,10791.65,10782.7
2019-02-09,10887.1,10788.05,10880.1,10813.25
2019-02-10,10888.75,10729.3,10835.3,10775.3
2019-02-11,10939.7,10751.2,10806.65,10881.2
2019-02-12,10865.7,10784.85,10792.5,10865.7
2019-02-13,10877.9,10823.1,10863.5,10842.65
2019-02-14,10994.9,10817,10987.45,10864.85
2019-02-15,11062.3,10998.85,11053,11024.85
2019-02-16,11089.05,11027.1,11058.2,11077.95
2019-02-17,11049,11008.95,11035.4,11038.85
2019-02-18,11180.9,11059.85,11168.05,11068.75
2019-02-19,11320.4,11227,11301.2,11231.35
2019-02-20,11352.3,11276.6,11341.7,11326.2
2019-02-21,11383.45,11313.75,11343.25,11382.5
2019-02-22,11487,11370.8,11426.85,11376.85
2019-02-23,11530.15,11412.5,11462.2,11473.85
2019-02-24,11543.85,11451.25,11532.4,11500.3
2019-02-25,11556.1,11503.1,11521.05,11553.35
2019-02-26,11572.8,11434.55,11456.9,11549.2
2019-02-27,11395.65,11311.6,11354.25,11395.65
2019-02-28,11496.75,11352.45,11483.25,11375.2
2019-03-01,11546.2,11413,11445.05,11531.45
2019-03-02,11588.5,11452.45,11570,11463.65
2019-03-03,11630.35,11570.15,11623.9,11625.45
2019-03-04,11738.1,11644.75,11669.15,11665.2
2019-03-05,11729.35,11655.85,11713.2,11711.55
2019-03-06,11761,11629.15,11643.95,11735.3
2019-03-07,11662.55,11559.2,11598,11660.2
2019-03-08,11689.65,11609.5,11665.95,11638.4
2019-03-09,11710.3,11549.1,11604.5,11704.35
2019-03-10,11683.9,11569.7,11671.95,11612.05
2019-03-11,11680.05,11571.75,11584.3,11646.85
2019-03-12,11606.7,11550.55,11596.7,11592.55
2019-03-13,11657.35,11578.8,11643.45,11612.85
2019-03-14,11704.6,11648.25,11690.35,11667
2019-03-15,11810.95,11731.55,11787.15,11736.2
2019-03-16,11856.15,11738.5,11752.8,11856.15
2019-03-17,11727.05,11583.95,11594.45,11727.05
2019-03-18,11645.95,11564.8,11575.95,11612.95
2019-03-19,11740.85,11578.85,11726.15,11601.5
2019-03-20,11796.75,11624.3,11641.8,11735.7
2019-03-21,11762.9,11661.75,11754.65,11683.75
2019-03-22,11756.25,11655.9,11748.15,11748.75
2019-03-23,11789.3,11699.55,11724.75,11725.55
2019-03-24,11770.9,11699.35,11712.25,11722.6
2019-03-25,11632.55,11571.35,11598.25,11605.8
2019-03-26,11657.05,11484.45,11497.9,11651.5
2019-03-27,11479.1,11346.95,11359.45,11478.7
2019-03-28,11357.6,11255.05,11301.8,11322.4
2019-03-29,11345.8,11251.05,11278.9,11314.15
2019-03-30,11300.2,11125.6,11148.2,11258.7
2019-03-31,11294.75,11108.3,11222.05,11151.65
2019-04-01,11286.8,11136.95,11157,11271.7
2019-04-02,11281.55,11143.35,11257.1,11180.35
2019-04-03,11426.15,11259.85,11407.15,11261.9
2019-04-04,11845.2,11591.7,11828.25,11651.9
2019-04-05,11883.55,11682.8,11709.1,11863.65
2019-04-06,11784.8,11682.4,11737.9,11727.95
2019-04-07,12041.15,11614.5,11657.05,11901.3
2019-04-08,11859,11658.1,11844.1,11748
2019-04-09,11957.15,11812.4,11924.75,11855.5
2019-04-10,11958.55,11864.9,11928.75,11958.35
2019-04-11,11931.9,11836.8,11861.1,11905.8
2019-04-12,11968.55,11859.4,11945.9,11865.3
2019-04-13,12039.25,11829.45,11922.8,11999.8
2019-04-14,12103.05,11920.1,12088.55,11953.75
2019-04-15,12095.2,12005.85,12021.65,12052.65
2019-04-16,12039.8,11830.25,11843.75,12039.8
2019-04-17,11897.5,11769.5,11870.65,11865.2
2019-04-18,11975.05,11871.75,11922.7,11934.9
2019-04-19,12000.35,11904.35,11965.6,11959.85
2019-04-20,11962.45,11866.35,11906.2,11962.45
2019-04-21,11931.35,11817.05,11914.05,11873.9
2019-04-22,11911.85,11797.7,11823.3,11910.1
2019-04-23,11844.05,11657.75,11672.15,11844
2019-04-24,11727.2,11641.15,11691.5,11677.05
2019-04-25,11802.5,11625.1,11691.45,11744.45
2019-04-26,11843.5,11635.05,11831.75,11653.65
2019-04-27,11827.95,11705.1,11724.1,11827.6
2019-04-28,11754,11670.2,11699.65,11725.8
2019-04-29,11814.4,11651,11796.45,11681
2019-04-30,11871.85,11757.55,11847.55,11768.15
2019-05-01,11911.15,11821.05,11841.55,11860.85
2019-05-02,11871.7,11775.5,11788.85,11861.15
2019-05-03,11884.65,11830.8,11865.6,11839.9
2019-05-04,11917.45,11814.7,11910.3,11890.3
2019-05-05,11945.2,11887.05,11916.75,11932.15
2019-05-06,11969.25,11923.65,11946.75,11928.8
2019-05-07,11981.75,11797.9,11811.15,11964.75
2019-05-08,11771.9,11523.3,11558.6,11770.4
2019-05-09,11582.55,11461,11555.9,11531.6
2019-05-10,11593.7,11475.65,11498.9,11536.15
2019-05-11,11599,11519.5,11582.9,11561.45
2019-05-12,11639.55,11538.6,11552.5,11601.15
2019-05-13,11618.4,11532.3,11588.35,11614.75
2019-05-14,11670.05,11573.95,11662.6,11596.65
2019-05-15,11706.65,11651.15,11687.5,11670.75
2019-05-16,11677.15,11582.4,11596.9,11675.6
2019-05-17,11640.35,11399.3,11419.25,11627.95
2019-05-18,11398.15,11301.25,11346.2,11392.85
2019-05-19,11398.15,11302.8,11331.05,11372.25
2019-05-20,11359.75,11229.8,11271.3,11322.45
2019-05-21,11361.4,11239.35,11252.15,11290.4
2019-05-22,11307.6,11210.05,11284.3,11247.45
2019-05-23,11310.95,11152.4,11189.2,11307.5
2019-05-24,11267.45,11072.65,11085.4,11213.7
2019-05-25,11145.3,10999.4,11118,11034.05
2019-05-26,11076.75,10881,10980,11060.2
2019-05-27,11080.15,10848.95,10997.35,10930.3
2019-05-28,10895.8,10782.6,10862.6,10895.8
2019-05-29,11018.55,10813.8,10948.25,10815.4
2019-05-30,10975.65,10835.9,10855.5,10958.1
2019-05-31,11058.05,10842.95,11032.45,10899.2
2019-06-01,11181.45,11062.8,11109.65,11087.9
2019-06-02,11145.9,10901.6,10925.85,11139.4
2019-06-03,11078.15,10935.6,11029.4,11003.25
2019-06-04,11068.65,10924.3,11047.8,11043.65
2019-06-05,11146.9,11037.85,11053.9,11094.8
2019-06-06,11076.3,10985.3,11017,11063.9
2019-06-07,11034.2,10906.65,10918.7,11018.15
2019-06-08,10908.25,10718.3,10741.35,10905.3
2019-06-09,10862.55,10637.15,10829.35,10699.6
2019-06-10,11070.3,10756.55,11057.85,11000.3
2019-06-11,11141.75,11049.5,11105.35,11106.55
2019-06-12,11129.65,10987.65,11046.1,11101.3
2019-06-13,11021.1,10922.4,10948.3,10996.05
2019-06-14,11042.6,10874.8,11023.25,10987.8
2019-06-15,10967.5,10772.7,10797.9,10960.95
2019-06-16,10858.75,10746.35,10844.65,10790.4
2019-06-17,10920.1,10816,10847.9,10860.95
2019-06-18,10957.05,10867.45,10946.2,10883.8
2019-06-19,11028.85,10889.8,11003.05,10936.7
2019-06-20,11054.8,11011.65,11035.7,11028.5
2019-06-21,11081.75,10964.95,10982.8,11058.3
2019-06-22,11084.45,10945.75,11075.9,10986.8
2019-06-23,11052.7,10968.2,11003.5,10994.85
2019-06-24,11000.1,10796.5,10817.6,11000.1
2019-06-25,10885.15,10804.85,10840.65,10872.8
2019-06-26,10845.2,10670.25,10704.8,10845.2
2019-06-27,11381.9,10691,11274.2,10746.8
2019-06-28,11694.85,11471.35,11600.2,11542.7
2019-06-29,11655.05,11539.2,11588.2,11590.7
2019-06-30,11564.95,11416.1,11440.2,11564.85
2019-07-01,11610.85,11466.35,11571.2,11469.85
2019-07-02,11593.6,11499.75,11512.4,11556.35
2019-07-03,11508.25,11390.8,11474.45,11491.15
2019-07-04,11554.2,11247.9,11359.9,11515.4
2019-07-05,11370.4,11257.35,11314,11322.25
2019-07-06,11400.3,11158.35,11174.75,11388.45
2019-07-07,11233.85,11112.65,11126.4,11196.2
2019-07-08,11321.6,11090.15,11313.3,11152.95
2019-07-09,11293.35,11208.55,11234.55,11280.5
2019-07-10,11362.9,11189.4,11305.05,11257.7
2019-07-11,11420.45,11290.05,11341.15,11335.9
2019-07-12,11462.35,11342.1,11428.3,11360.85
2019-07-13,11481.05,11411.1,11464,11464.95
2019-07-14,11599.1,11439.65,11586.35,11466.3
2019-07-15,11684.7,11553.15,11661.85,11580.3
2019-07-16,11714.35,11573.65,11588.35,11657.15
2019-07-17,11651.6,11554.4,11604.1,11596.2
2019-07-18,11679.6,11534.65,11582.6,11661.65
2019-07-19,11646.9,11490.75,11583.9,11646.15
2019-07-20,11672.4,11604.6,11627.15,11662.25
2019-07-21,11809.4,11627.35,11786.85,11643.95
2019-07-22,11883.95,11784.45,11844.1,11883.9
2019-07-23,11945,11855.1,11877.45,11890.45
2019-07-24,11918.3,11843.35,11890.6,11886.6
2019-07-25,11989.15,11905.35,11941.3,11928.9
2019-07-26,11978.95,11861.9,11917.2,11974.6
2019-07-27,12002.9,11850.25,11966.05,11911.5
2019-07-28,12021.4,11946.85,12012.05,12021.1
2019-07-29,12034.15,11888.75,11908.15,11987.15
2019-07-30,11932.65,11853.95,11913.45,11879.2
2019-07-31,11946.8,11823.2,11840.45,11908.3
2019-08-01,11895.65,11802.65,11872.1,11858.75
2019-08-02,11973.65,11879.25,11895.45,11904.2
2019-08-03,11946.2,11867.6,11884.5,11915.15
2019-08-04,11958.85,11881.75,11940.1,11919.45
2019-08-05,12038.6,11966.05,11999.1,12004.75
2019-08-06,12028.2,11956.9,11968.4,12025.65
2019-08-07,11968.1,11883.5,11914.4,11967.3
2019-08-08,12084.5,11919.75,12073.75,11922.45
2019-08-09,12132.45,12006.35,12037.7,12110.2
2019-08-10,12114.9,12055.15,12100.7,12068.5
2019-08-11,12158.8,12099.95,12151.15,12132.1
2019-08-12,12147.4,12017.4,12056.05,12146.2
2019-08-13,12137.15,12023.7,12048.2,12137.05
2019-08-14,12068.6,11956.4,11994.2,12067.65
2019-08-15,12054.7,11935.3,12043.2,11969.95
2019-08-16,12081.2,11998.75,12018.4,12071.25
2019-08-17,12057.05,11888.85,11921.5,12047.35
2019-08-18,11981.95,11888.05,11937.5,11939.1
2019-08-19,11953.2,11844.7,11856.8,11950.5
2019-08-20,11923.2,11832.3,11910.15,11867.35
2019-08-21,12005.5,11934,11971.8,11944.3
2019-08-22,12098.85,12023.6,12086.7,12026.4
2019-08-23,12134.65,12046.3,12053.95,12131.35
2019-08-24,12182.75,12070.35,12165,12082.45
2019-08-25,12237.7,12163.45,12221.65,12197
2019-08-26,12268.35,12191.15,12259.7,12223.4
2019-08-27,12293.9,12252.75,12271.8,12266.45
2019-08-28,12287.15,12213.25,12262.75,12235.45
2019-08-29,12283.7,12202.1,12214.55,12269.25
2019-08-30,12221.55,12118.85,12126.55,12211.85
2019-08-31,12258.45,12157.9,12245.8,12172.9
2019-09-01,12286.45,12213.8,12255.85,12274.9
2019-09-02,12247.1,12151.8,12168.45,12247.1
2019-09-03,12222.2,12165.3,12182.5,12202.15
2019-09-04,12289.9,12195.25,12282.2,12198.55
2019-09-05,12265.6,12191.35,12226.65,12261.1
2019-09-06,12179.1,11974.2,11993.05,12170.6
2019-09-07,12152.15,12005.35,12052.95,12079.1
2019-09-08,12044.95,11929.6,12025.35,11939.1
2019-09-09,12224.05,12132.55,12215.9,12153.15
2019-09-10,12311.2,12213.2,12256.8,12271
2019-09-11,12337.75,12285.8,12329.55,12296.7
2019-09-12,12374.25,12308.7,12362.3,12333.1
2019-09-13,12355.15,12278.75,12343.3,12349.4
2019-09-14,12389.05,12315.8,12355.5,12347.1
2019-09-15,12385.45,12321.4,12352.35,12328.4
2019-09-16,12430.5,12216.9,12224.55,12430.5
2019-09-17,12230.05,12162.3,12169.85,12195.3
2019-09-18,12225.05,12087.9,12106.9,12218.35
2019-09-19,12189,12094.1,12180.35,12123.75
2019-09-20,12272.15,12149.65,12248.25,12174.55
2019-09-21,12216.6,12107,12119,12197.1
2019-09-22,12163.55,12024.5,12055.8,12148.1
2019-09-23,12169.6,12103.8,12129.5,12114.9
2019-09-24,12150.3,12010.6,12035.8,12147.75
2019-09-25,12103.55,11945.85,11962.1,12100.4
2019-09-26,12017.35,11633.3,11661.85,11939
2019-09-27,11749.85,11614.5,11707.9,11627.45
2019-09-28,11986.15,11783.4,11979.65,11786.25
2019-09-29,12098.15,11953.35,12089.15,12005.85
2019-09-30,12160.6,12084.65,12137.95,12120
2019-10-01,12154.7,12073.95,12098.35,12151.15
2019-10-02,12103.55,11990.75,12031.5,12102.35
2019-10-03,12172.3,12099,12107.9,12108.4
2019-10-04,12231.75,12144.3,12201.2,12151
2019-10-05,12225.65,12139.8,12174.65,12219.55
2019-10-06,12246.7,12091.2,12113.45,12190.15
2019-10-07,12159.6,12037,12045.8,12131.8
2019-10-08,12030.75,11908.05,11992.5,12028.25
2019-10-09,12134.7,12042.1,12125.9,12090.6
2019-10-10,12152,12071.45,12080.85,12119
2019-10-11,12012.55,11813.4,11829.4,12012.55
2019-10-12,11883.05,11779.9,11797.9,11877.5
2019-10-13,11783.25,11639.6,11678.5,11738.55
2019-10-14,11663.85,11536.7,11633.3,11661.25
2019-10-15,11384.8,11175.05,11201.75,11382
2019-10-16,11433,11036.25,11132.75,11387.35
2019-10-17,11342.25,11152.55,11303.3,11217.55
2019-10-18,11356.6,11082.15,11251,11351.35
2019-10-19,11389.5,11244.6,11269,11306.05
2019-10-20,11035.1,10827.4,10989.45,10942.65
2019-10-21,10751.55,10294.45,10451.45,10742.05
2019-10-22,10545.1,10334,10458.4,10334.3
2019-10-23,10040.75,9508,9590.15,10039.95
2019-10-24,10159.4,8555.15,9955.2,9107.6
2019-10-25,9602.2,9165.1,9197.4,9587.8
2019-10-26,9403.8,8915.6,8967.05,9285.4
2019-10-27,9127.55,8407.05,8468.8,9088.45
2019-10-28,8575.45,7832.55,8263.45,8063.3
2019-10-29,8883,8178.2,8745.45,8284.45
2019-10-30,8159.25,7583.6,7610.25,7945.7
2019-10-31,8036.95,7511.1,7801.05,7848.3
2019-11-01,8376.75,7714.75,8317.85,7735.15
2019-11-02,8749.05,8304.9,8641.45,8451
2019-11-03,9038.9,8522.9,8660.25,8949.1
2019-11-04,8576,8244,8281.1,8385.95
2019-11-05,8678.3,8358,8597.75,8529.35
2019-11-06,8588.1,8198.35,8253.8,8584.1
2019-11-07,8356.55,8055.8,8083.8,8356.55
2019-11-08,8819.4,8360.95,8792.2,8446.3
2019-11-09,9131.7,8653.9,8748.75,8688.9
2019-11-10,9128.35,8904.55,9111.9,8973.05
2019-11-11,9112.05,8912.4,8993.85,9103.95
2019-11-12,9261.2,8874.1,8925.3,9196.4
2019-11-13,9053.75,8821.9,8992.8,8851.25
2019-11-14,9324,9091.35,9266.75,9323.45
2019-11-15,9390.85,9230.8,9261.85,9390.2
2019-11-16,9044.4,8909.4,8981.45,9016.95
2019-11-17,9209.75,8946.25,9187.3,9026.75
2019-11-18,9343.6,9170.15,9313.9,9232.35
2019-11-19,9296.9,9141.3,9154.4,9163.9
2019-11-20,9377.1,9250.35,9282.3,9259.7
2019-11-21,9404.4,9260,9380.9,9389.8
2019-11-22,9599.85,9392.35,9553.35,9408.6
2019-11-23,9889.05,9731.5,9859.9,9753.5
2019-11-24,9533.5,9266.95,9293.5,9533.5
2019-11-25,9450.9,9190.75,9205.6,9429.4
2019-11-26,9346.9,9116.5,9270.9,9226.8
2019-11-27,9277.85,9175.9,9199.05,9234.05
2019-11-28,9382.65,9238.2,9251.5,9376.95
2019-11-29,9439.9,9219.95,9239.2,9348.15
2019-11-30,9240.85,9043.95,9196.55,9168.85
2019-12-01,9584.5,9351.1,9383.55,9584.2
2019-12-02,9281.1,9119.75,9142.75,9213.95
2019-12-03,9182.4,9050,9136.85,9182.4
2019-12-04,9158.3,8806.75,8823.25,9158.3
2019-12-05,9030.35,8855.3,8879.1,8961.7
2019-12-06,9093.8,8875.35,9066.55,8889.15
2019-12-07,9178.55,9056.1,9106.25,9079.45
2019-12-08,9149.6,8968.55,9039.25,9067.9
2019-12-09,9161.65,8996.65,9029.05,9099.75
2019-12-10,9334,9004.25,9314.95,9082.2
2019-12-11,9511.25,9336.5,9490.1,9364.95
2019-12-12,9598.85,9376.9,9580.3,9422.2
2019-12-13,9931.6,9706.95,9826.15,9726.85
2019-12-14,9995.6,9824.05,9979.1,9880.85
2019-12-15,10176.2,10035.55,10061.55,10108.3
2019-12-16,10123.85,9944.25,10029.1,10054.25
2019-12-17,10177.8,10040.75,10142.15,10093.8
2019-12-18,10328.5,10120.25,10167.45,10326.75
2019-12-19,10291.15,10021.45,10046.65,10181.15
2019-12-20,10148.75,10036.85,10116.15,10072.6
2019-12-21,10112.05,9885.05,9902,10094.1
2019-12-22,9996.05,9544.35,9972.9,9544.95
2019-12-23,9943.35,9726.35,9813.7,9919.35
2019-12-24,10046.15,9728.5,9914,10014.8
2019-12-25,10003.6,9833.8,9881.15,9876.7
2019-12-26,10111.2,9845.05,10091.65,9863.25
2019-12-27,10272.4,10072.65,10244.4,10119
2019-12-28,10393.65,10277.6,10311.2,10318.75
2019-12-29,10484.7,10301.75,10471,10347.95
2019-12-30,10553.15,10281.95,10305.3,10529.25
2019-12-31,10361.8,10194.5,10288.9,10235.55
2020-01-01,10409.85,10311.25,10383,10378.9
2020-01-02,10337.95,10223.6,10312.4,10311.95
2020-01-03,10401.05,10267.35,10302.1,10382.6
2020-01-04,10447.05,10299.6,10430.05,10323.8
2020-01-05,10598.2,10485.55,10551.7,10493.05
2020-01-06,10631.3,10562.65,10607.35,10614.95
2020-01-07,10811.4,10695.1,10763.65,10723.85
2020-01-08,10813.8,10689.7,10799.65,10802.85
2020-01-09,10847.85,10676.55,10705.75,10818.65
2020-01-10,10836.85,10733,10813.45,10755.55
2020-01-11,10819.4,10713,10768.05,10764.1
2020-01-12,10894.05,10756.05,10802.7,10851.85
2020-01-13,10755.65,10562.9,10607.35,10750.85
2020-01-14,10827.45,10577.75,10618.2,10701
2020-01-15,10755.3,10595.2,10739.95,10706.2
2020-01-16,10933.45,10749.65,10901.7,10752
2020-01-17,11037.9,10953,11022.2,10999.45
2020-01-18,11179.55,11113.25,11162.25,11126.1
2020-01-19,11238.1,11056.55,11132.6,11231.2
2020-01-20,11239.8,11103.15,11215.45,11135
2020-01-21,11225.4,11090.3,11194.15,11149.95
2020-01-22,11225,11087.85,11131.8,11225
2020-01-23,11317.75,11151.4,11300.55,11154.1
2020-01-24,11341.4,11149.75,11202.85,11276.9
2020-01-25,11299.95,11084.95,11102.15,11254.3
2020-01-26,11150.4,11026.65,11073.45,11139.5
2020-01-27,11058.05,10882.25,10891.6,11057.55
2020-01-28,11112.25,10908.1,11095.25,10946.65
2020-01-29,11225.65,11064.05,11101.65,11155.75
2020-01-30,11256.8,11127.3,11200.15,11185.7
2020-01-31,11231.9,11142.05,11214.05,11186.65
2020-02-01,11337.3,11238,11270.15,11270.25
2020-02-02,11373.6,11299.15,11322.5,11322.25
2020-02-03,11322,11242.65,11308.4,11289
2020-02-04,11359.3,11269.95,11300.45,11334.85
2020-02-05,11366.25,11111.45,11178.4,11353.3
2020-02-06,11267.1,11144.5,11247.1,11248.9
2020-02-07,11401.7,11253.15,11385.35,11259.8
2020-02-08,11460.35,11394.1,11408.4,11452.15
2020-02-09,11361.45,11289.8,11312.2,11317.45
2020-02-10,11418.5,11362.2,11371.6,11409.65
2020-02-11,11497.25,11410.65,11466.45,11412
2020-02-12,11525.9,11423.35,11472.25,11513.1
2020-02-13,11561.75,11461.85,11549.6,11512.85
2020-02-14,11617.35,11540.6,11559.25,11609.3
2020-02-15,11686.05,11589.4,11647.6,11602.95
2020-02-16,11794.25,11325.85,11387.5,11777.55
2020-02-17,11553.55,11366.9,11470.25,11464.3
2020-02-18,11554.75,11430.4,11535,11478.55
2020-02-19,11584.95,11507.65,11527.45,11566.2
2020-02-20,11452.05,11303.65,11333.85,11354.4
2020-02-21,11381.15,11251.7,11355.05,11359.6
2020-02-22,11437.25,11290.45,11317.35,11378.55
2020-02-23,11298.15,11185.15,11278,11218.6
2020-02-24,11464.05,11327.4,11449.25,11363.3
2020-02-25,11493.5,11419.9,11464.45,11447.8
2020-02-26,11568.9,11383.55,11440.05,11540.15
2020-02-27,11535.95,11442.25,11521.8,11487.2
2020-02-28,11618.1,11516.75,11604.55,11538.45
2020-02-29,11587.2,11498.5,11516.1,11539.4
2020-03-01,11584.1,11446.1,11504.95,11584.1
2020-03-02,11535.25,11218.5,11250.55,11503.8
2020-03-03,11302.2,11084.65,11153.65,11301.75
2020-03-04,11259.55,11024.4,11131.85,11258.75
2020-03-05,11015.3,10790.2,10805.55,11011
2020-03-06,11072.6,10854.85,11050.25,10910.4
2020-03-07,11239.35,11099.85,11227.55,11140.85
2020-03-08,11305.4,11181,11222.4,11288.6
2020-03-09,11295.4,11184.55,11247.55,11244.45
2020-03-10,11428.6,11347.05,11416.95,11364.45
2020-03-11,11578.05,11452.3,11503.35,11487.8
2020-03-12,11680.3,11564.3,11662.4,11603.45
2020-03-13,11763.05,11629.35,11738.85,11679.25
2020-03-14,11905.7,11791.15,11834.6,11835.4
2020-03-15,11938.6,11805.2,11914.2,11852.05
2020-03-16,12022.05,11867.2,11930.95,11973.55
2020-03-17,11988.2,11888.9,11934.5,11934.65
2020-03-18,11997.2,11822.15,11971.05,11917.4
2020-03-19,12025.45,11661.3,11680.35,12023.45
2020-03-20,11789.75,11667.85,11762.45,11727.4
2020-03-21,11898.25,11820.4,11873.05,11879.2
2020-03-22,11949.25,11837.25,11896.8,11861
2020-03-23,12018.65,11775.75,11937.65,11958.55
2020-03-24,11939.55,11823.45,11896.45,11890
2020-03-25,11974.55,11908.75,11930.35,11957.9
2020-03-26,11942.85,11711.7,11767.75,11937.4
2020-03-27,11899.05,11723,11889.4,11807.1
2020-03-28,11929.4,11684.85,11729.6,11922.6
2020-03-29,11744.15,11606.45,11670.8,11633.3
2020-03-30,11748.95,11535.45,11642.4,11678.45
2020-03-31,11725.65,11557.4,11669.15,11697.35
2020-04-01,11836.2,11723.3,11813.5,11734.45
2020-04-02,11929.65,11756.4,11908.5,11783.35
2020-04-03,12131.1,12027.6,12120.3,12062.4
2020-04-04,12280.4,12131.85,12263.55,12156.65
2020-04-05,12474.05,12367.35,12461.05,12399.4
2020-04-06,12643.9,12475.25,12631.1,12556.4
2020-04-07,12769.75,12571.1,12749.15,12680.6
2020-04-08,12741.15,12624.85,12690.8,12702.15
2020-04-09,12735.95,12607.7,12719.95,12659.7
2020-04-10,12828.7,12749.45,12780.25,12823.35
2020-04-11,12934.05,12797.1,12874.2,12932.5
2020-04-12,12948.85,12819.35,12938.25,12860.1
2020-04-13,12963,12745.75,12771.7,12839.5
2020-04-14,12892.45,12730.25,12859.05,12813.4
2020-04-15,12968.85,12825.7,12926.45,12960.3
2020-04-16,13079.1,12978,13055.15,13002.6
2020-04-17,13145.85,12833.65,12858.4,13130
2020-04-18,13018,12790.4,12987,12906.45
2020-04-19,13035.3,12914.3,12968.95,13012.05
2020-04-20,13128.4,12962.8,13109.05,13062.2
2020-04-21,13128.5,12983.55,13113.75,13121.4
2020-04-22,13216.6,13107.9,13133.9,13215.3
2020-04-23,13280.05,13152.85,13258.55,13177.4
2020-04-24,13366.65,13241.95,13355.75,13264.85
2020-04-25,13435.45,13311.05,13392.95,13393.85
2020-04-26,13548.9,13449.6,13529.1,13458.1
2020-04-27,13503.55,13399.3,13478.3,13488.5
2020-04-28,13579.35,13402.85,13513.85,13512.3
2020-04-29,13597.5,13472.45,13558.15,13571.45
2020-04-30,13589.65,13447.05,13567.85,13547.2
2020-05-01,13692.35,13606.45,13682.7,13663.1
2020-05-02,13773.25,13673.55,13740.7,13713.55
2020-05-03,13772.85,13658.6,13760.55,13764.4
2020-05-04,13777.5,13131.45,13328.4,13741.9
2020-05-05,13492.05,13192.9,13466.3,13373.65
2020-05-06,13619.45,13432.2,13601.1,13473.5
2020-05-07,13771.75,13626.9,13749.25,13672.15
2020-05-08,13885.3,13811.55,13873.2,13815.15
2020-05-09,13967.6,13859.9,13932.6,13910.35
2020-05-10,13997,13864.95,13981.95,13980.9
2020-05-11,14024.85,13936.45,13981.75,13970
2020-05-12,14049.85,13991.35,14018.5,13996.1
2020-05-13,14147.95,13953.75,14132.9,14104.35
2020-05-14,14215.6,14048.15,14199.5,14075.15
2020-05-15,14244.15,14039.9,14146.25,14240.95
2020-05-16,14256.25,14123.1,14137.35,14253.75
2020-05-17,14367.3,14221.65,14347.25,14258.4
2020-05-18,14498.2,14383.1,14484.75,14474.05
2020-05-19,14590.65,14432.85,14563.45,14473.8
2020-05-20,14653.35,14435.7,14564.85,14639.8
2020-05-21,14617.8,14471.5,14595.6,14550.05
2020-05-22,14617.45,14357.85,14433.7,14594.35
2020-05-23,14459.15,14222.8,14281.3,14453.3
2020-05-24,14546.05,14350.85,14521.15,14371.65
2020-05-25,14666.45,14517.55,14644.7,14538.3
2020-05-26,14753.55,14517.25,14590.35,14730.95
2020-05-27,14619.9,14357.75,14371.9,14583.4
2020-05-28,14491.1,14218.6,14238.9,14477.8
2020-05-29,14237.95,13929.3,13967.5,14237.95
2020-05-30,13898.25,13713.25,13817.55,13810.4
2020-05-31,13966.85,13596.75,13634.6,13946.6
2020-06-01,14336.35,13661.75,14281.2,13758.6
2020-06-02,14731.7,14469.15,14647.85,14481.1
2020-06-03,14868.85,14574.15,14789.95,14754.9
2020-06-04,14913.7,14714.75,14895.65,14789.05
2020-06-05,15014.65,14864.75,14924.25,14952.6
2020-06-06,15159.9,15041.05,15115.8,15064.3
2020-06-07,15257.1,15064.3,15109.3,15164.15
2020-06-08,15168.25,14977.2,15106.5,15119.05
2020-06-09,15188.5,15065.4,15173.3,15073.25
2020-06-10,15243.5,15081,15163.3,15186.2
2020-06-11,15340.15,15243.4,15314.7,15270.3
2020-06-12,15431.75,15242.2,15313.45,15371.45
2020-06-13,15314.3,15170.75,15208.9,15279.9
2020-06-14,15250.75,15078.05,15118.95,15238.7
2020-06-15,15144.05,14898.2,14981.75,15074.8
2020-06-16,15010.1,14635.05,14675.7,14999.05
2020-06-17,14854.5,14651.85,14707.8,14782.25
2020-06-18,15008.8,14723.05,14982,14729.15
2020-06-19,15176.5,15065.35,15097.35,15079.85
2020-06-20,14919.45,14467.75,14529.15,14888.6
2020-06-21,14806.8,14638.55,14761.55,14702.5
2020-06-22,14959.1,14760.8,14919.1,14865.3
2020-06-23,15273.15,14995.8,15245.6,15064.4
2020-06-24,15202.35,14980.2,15080.75,15026.75
2020-06-25,15092.35,14862.1,14938.1,14977.95
2020-06-26,15111.15,14919.9,14956.2,15002.45
2020-06-27,15126.85,14925.45,15098.4,15049.9
2020-06-28,15218.45,15100.85,15174.8,15202.15
2020-06-29,15336.3,14953.6,15030.95,15321.15
2020-06-30,15048.4,14745.85,14929.5,15048.4
2020-07-01,15051.6,14890.65,14910.45,14996.1
2020-07-02,14956.55,14696.05,14721.3,14946.55
2020-07-03,14875.2,14478.6,14557.85,14855.5
2020-07-04,14788.25,14350.1,14744,14471.15
2020-07-05,14763.9,14597.85,14736.4,14736.3
2020-07-06,14878.6,14707,14814.75,14768.55
2020-07-07,14752.35,14535,14549.4,14712.45
2020-07-08,14575.6,14264.4,14324.9,14570.9
2020-07-09,14572.9,14414.25,14507.3,14506.3
2020-07-10,14876.3,14617.6,14845.1,14628.5
2020-07-11,14813.75,14670.25,14690.7,14811.85
2020-07-12,14883.2,14692.45,14867.35,14798.4
2020-07-13,14849.85,14459.5,14637.8,14837.7
2020-07-14,14779.1,14573.9,14683.5,14737
2020-07-15,14879.8,14649.85,14819.05,14716.45
2020-07-16,14984.15,14821.1,14873.8,14875.65
2020-07-17,14918.45,14785.65,14834.85,14882.65
2020-07-18,14652.5,14248.7,14310.8,14644.65
2020-07-19,14528.9,14274.9,14504.8,14364.9
2020-07-20,14597.55,14353.2,14581.45,14522.4
2020-07-21,14697.7,14559,14617.85,14599.6
2020-07-22,14382.3,14191.4,14359.45,14306.6
2020-07-23,14526.95,14207.3,14296.4,14526.7
2020-07-24,14424.75,14151.4,14406.15,14219.15
2020-07-25,14461.15,14273.3,14341.35,14326.35
2020-07-26,14557.5,14421.3,14485,14449.45
2020-07-27,14667.55,14484.85,14653.05,14493.8
2020-07-28,14890.25,14694.95,14864.55,14710.5
2020-07-29,15044.35,14814.45,14894.9,14979
2020-07-30,14855.45,14601.7,14631.1,14747.35
2020-07-31,14673.85,14416.25,14634.15,14481.05
2020-08-01,14723.4,14461.5,14496.5,14687.25
2020-08-02,14637.9,14506.6,14617.85,14604.15
2020-08-03,14743.9,14611.5,14724.8,14668.35
2020-08-04,14863.05,14765.5,14823.15,14816.85
2020-08-05,14966.9,14892.5,14942.35,14928.25
2020-08-06,14900,14771.4,14850.75,14789.7
2020-08-07,14824.05,14649.7,14696.5,14823.55
2020-08-08,14749.65,14591.9,14677.8,14749.4
2020-08-09,14938,14725.35,14923.15,14756.25
2020-08-10,15137.25,15043.7,15108.1,15067.2
2020-08-11,15133.4,15008.85,15030.15,15058.6
2020-08-12,15069.8,14884.9,14906.05,15042.6
2020-08-13,15190,14985.85,15175.3,14987.8
2020-08-14,15256.25,15145.45,15197.7,15211.35
2020-08-15,15293.85,15163.4,15208.45,15291.75
2020-08-16,15319.9,15194.95,15301.45,15257.05
2020-08-17,15384.55,15272.5,15337.85,15323.95
2020-08-18,15469.65,15394.75,15435.65,15421.2
2020-08-19,15606.35,15374,15582.8,15437.75
2020-08-20,15660.75,15528.3,15574.85,15629.65
2020-08-21,15597.45,15459.85,15576.2,15520.35
2020-08-22,15705.1,15611,15690.35,15655.55
2020-08-23,15733.6,15622.35,15670.25,15712.5
2020-08-24,15773.45,15678.1,15751.65,15725.1
2020-08-25,15778.8,15680,15740.1,15773.9
2020-08-26,15800.45,15566.9,15635.35,15766.3
2020-08-27,15751.25,15648.5,15737.75,15692.1
2020-08-28,15835.55,15749.8,15799.35,15796.45
2020-08-29,15823.05,15606.5,15811.85,15791.4
2020-08-30,15901.6,15842.4,15869.25,15866.95
2020-08-31,15880.85,15742.6,15767.55,15847.5
2020-09-01,15769.35,15616.75,15691.4,15648.3
2020-09-02,15761.5,15450.9,15683.35,15756.5
2020-09-03,15765.15,15505.65,15746.5,15525.85
2020-09-04,15895.75,15752.1,15772.75,15840.5
2020-09-05,15862.95,15673.95,15686.95,15862.8
2020-09-06,15821.4,15702.7,15790.45,15737.3
2020-09-07,15870.8,15772.3,15860.35,15839.35
2020-09-08,15915.65,15792.15,15814.7,15915.35
2020-09-09,15835.9,15724.05,15748.45,15807.5
2020-09-10,15839.1,15708.75,15721.5,15776.9
2020-09-11,15755.55,15667.05,15680,15755.05
2020-09-12,15738.35,15635.95,15722.2,15705.85
2020-09-13,15845.95,15762.05,15834.35,15793.4
2020-09-14,15914.2,15801,15818.25,15813.75
2020-09-15,15893.55,15779.7,15879.65,15819.6
2020-09-16,15885.75,15682.9,15727.9,15855.4
2020-09-17,15730.85,15632.75,15689.8,15688.25
2020-09-18,15789.2,15644.75,15692.6,15766.8
2020-09-19,15820.8,15744.6,15812.35,15794
2020-09-20,15877.35,15764.2,15853.95,15808.7
2020-09-21,15952.35,15855,15924.2,15872.15
2020-09-22,15962.25,15882.6,15923.4,15958.35
2020-09-23,15836.9,15707.5,15752.4,15754.5
2020-09-24,15728.45,15578.55,15632.1,15703.95
2020-09-25,15834.8,15726.4,15824.05,15736.6
2020-09-26,15899.8,15768.4,15856.05,15856.8
2020-09-27,15893.35,15797,15824.45,15849.3
2020-09-28,15881.55,15701,15746.45,15860.5
2020-09-29,15767.5,15513.45,15709.4,15761.55
2020-09-30,15817.35,15737.8,15778.45,15762.7
2020-10-01,15862.8,15744.85,15763.05,15800.6
2020-10-02,15892.9,15834.65,15885.15,15874.9
2020-10-03,16146.9,15914.35,16130.75,15951.55
2020-10-04,16290.2,16176.15,16258.8,16195.25
2020-10-05,16349.45,16210.3,16294.6,16288.95
2020-10-06,16336.75,16223.3,16238.2,16304.4
2020-10-07,16320.75,16179.05,16258.25,16281.35
2020-10-08,16359.25,16202.25,16280.1,16274.8
2020-10-09,16338.75,16162.55,16282.25,16327.3
2020-10-10,16375.5,16286.9,16364.4,16303.65
2020-10-11,16543.6,16376.3,16529.1,16385.7
2020-10-12,16589.4,16480.75,16563.05,16518.4
2020-10-13,16628.55,16495.4,16614.6,16545.25
2020-10-14,16701.85,16535.85,16568.85,16691.95
2020-10-15,16509.55,16376.05,16450.5,16382.5
2020-10-16,16592.5,16395.7,16496.45,16592.25
2020-10-17,16647.1,16495.3,16624.6,16561.4
2020-10-18,16712.45,16617.5,16634.65,16654
2020-10-19,16683.7,16603.4,16636.9,16627.95
2020-10-20,16722.05,16565.6,16705.2,16642.55
2020-10-21,16951.5,16764.85,16931.05,16775.85
2020-10-22,17153.5,16915.85,17132.2,16947.5
2020-10-23,17225.75,17055.05,17076.25,17185.6
2020-10-24,17245.5,17059.7,17234.15,17095.4
2020-10-25,17340.1,17212.2,17323.6,17262.45
2020-10-26,17429.55,17345.55,17377.8,17399.35
2020-10-27,17436.5,17287,17362.1,17401.55
2020-10-28,17383.4,17254.2,17353.5,17375.75
2020-10-29,17379.65,17302.7,17369.25,17312.85
2020-10-30,17378.35,17269.15,17355.3,17363.55
2020-10-31,17438.55,17367.05,17380,17420.35
2020-11-01,17532.7,17386.9,17519.45,17387.65
2020-11-02,17644.6,17510.45,17629.5,17539.2
2020-11-03,17792.95,17537.65,17585.15,17709.65
2020-11-04,17622.75,17361.8,17396.9,17443.85
2020-11-05,17578.35,17326.1,17562,17450.5
2020-11-06,17610.45,17524,17546.65,17580.9
2020-11-07,17843.9,17646.55,17822.95,17670.85
2020-11-08,17947.65,17819.4,17853.2,17897.45
2020-11-09,17943.5,17802.9,17855.1,17932.2
2020-11-10,17912.85,17576.1,17748.6,17906.45
2020-11-11,17781.75,17608.15,17711.3,17657.95
2020-11-12,17742.15,17585.35,17618.15,17718.9
2020-11-13,17557.15,17452.9,17532.05,17531.9
2020-11-14,17750.9,17581.35,17691.25,17615.55
2020-11-15,17833.45,17640.9,17822.3,17661.35
2020-11-16,17884.6,17613.15,17646,17861.5
2020-11-17,17857.55,17763.8,17790.35,17810.55
2020-11-18,17941.85,17840.35,17895.2,17886.85
2020-11-19,18041.95,17839.1,17945.95,17867.55
2020-11-20,18008.65,17864.95,17991.95,17915.8
2020-11-21,18197.8,18050.75,18161.75,18097.85
2020-11-22,18350.75,18248.7,18338.55,18272.85
2020-11-23,18543.15,18445.3,18477.05,18500.1
2020-11-24,18604.45,18377.7,18418.75,18602.35
2020-11-25,18458.3,18209.35,18266.6,18439.9
2020-11-26,18384.2,18048,18178.1,18382.7
2020-11-27,18314.25,18034.35,18114.9,18230.7
2020-11-28,18241.4,17968.5,18125.4,18229.5
2020-11-29,18310.45,18099.3,18268.4,18154.5
2020-11-30,18342.05,18167.9,18210.95,18295.85
2020-12-01,18190.7,17799.45,17857.25,18187.65
2020-12-02,17915.85,17613.1,17671.65,17833.05
2020-12-03,17954.1,17697.1,17929.65,17783.15
2020-12-04,18012.25,17847.6,17888.95,17970.9
2020-12-05,17988.75,17757.95,17829.2,17947.95
2020-12-06,17947.55,17900.6,17916.8,17935.05
2020-12-07,18087.8,17836.1,18068.55,18040.2
2020-12-08,18112.6,17983.05,18044.25,18084.35
2020-12-09,18061.25,17915,18017.2,17973.45
2020-12-10,17971.35,17798.2,17873.6,17967.45
2020-12-11,18123,17905.9,18102.75,17977.6
2020-12-12,18210.15,18071.3,18109.45,18140.95
2020-12-13,18132.65,17958.8,17999.2,18127.05
2020-12-14,18022.65,17879.25,17898.65,17939.35
2020-12-15,17945.6,17688.5,17764.8,17890.55
2020-12-16,17805.25,17280.45,17416.55,17796.25
2020-12-17,17553.7,17216.1,17503.35,17281.75
2020-12-18,17600.6,17354,17415.05,17550.05
2020-12-19,17564.35,17351.7,17536.25,17417.3
2020-12-20,17355.4,16985.7,17026.45,17338.75
2020-12-21,17160.7,16782.4,17053.95,17055.8
2020-12-22,17324.65,16931.4,16983.2,17051.15
2020-12-23,17213.05,17064.25,17166.9,17104.4
2020-12-24,17420.35,17149.3,17401.65,17183.2
2020-12-25,17489.8,17180.8,17196.7,17424.9
2020-12-26,17216.75,16891.7,16912.25,17209.05
2020-12-27,17251.65,16987.75,17176.7,17044.1
2020-12-28,17484.6,17308.95,17469.75,17315.25
2020-12-29,17543.25,17379.6,17516.85,17524.4
2020-12-30,17534.35,17405.25,17511.3,17476.05
2020-12-31,17639.5,17355.95,17368.25,17619.1
2021-01-01,17376.2,17225.8,17324.9,17283.2
2021-01-02,17351.2,17192.2,17221.4,17323.65
2021-01-03,17379.35,17184.95,17248.4,17373
2021-01-04,17298.15,16966.45,16985.2,17276
2021-01-05,16840.1,16410.2,16614.2,16824.25
2021-01-06,16936.4,16688.25,16770.85,16773.15
2021-01-07,16971,16819.5,16955.45,16865.55
2021-01-08,17118.65,17015.55,17072.6,17066.8
2021-01-09,17155.6,16909.6,17003.75,17149.5
2021-01-10,17112.05,16833.2,17086.25,16937.75
2021-01-11,17250.25,17161.15,17233.25,17177.6
2021-01-12,17285.95,17176.65,17213.6,17220.1
2021-01-13,17264.05,17146.35,17203.95,17201.45
2021-01-14,17400.8,17238.5,17354.05,17244.5
2021-01-15,17646.65,17383.3,17625.7,17387.15
2021-01-16,17827.6,17593.55,17805.25,17681.4
2021-01-17,17944.7,17748.85,17925.25,17820.1
2021-01-18,17797.95,17655.55,17745.9,17768.5
2021-01-19,17905,17704.55,17812.7,17797.6
2021-01-20,18017.45,17879.15,18003.3,17913.3
2021-01-21,18081.25,17964.4,18055.75,17997.75
2021-01-22,18227.95,18128.8,18212.35,18170.4
2021-01-23,18272.25,18163.8,18257.8,18257
2021-01-24,18286.95,18119.65,18255.75,18185
2021-01-25,18321.55,18228.75,18308.1,18235.65
2021-01-26,18350.95,18085.9,18113.05,18337.2
2021-01-27,18129.2,17884.9,17938.4,18129.2
2021-01-28,17943.7,17648.45,17757,17921
2021-01-29,17707.6,17485.85,17617.15,17613.7
2021-01-30,17599.4,16997.85,17149.1,17575.15
2021-01-31,17309.15,16836.8,17277.95,17001.55
2021-02-01,17182.5,16866.75,17110.15,17062
2021-02-02,17373.5,17077.1,17101.95,17208.3
2021-02-03,17410,17264.15,17339.85,17301.05
2021-02-04,17622.4,17244.55,17576.85,17529.45
2021-02-05,17794.6,17674.8,17780,17706.2
2021-02-06,17781.15,17511.15,17560.2,17767.75
2021-02-07,17617.8,17462.55,17516.3,17590.2
2021-02-08,17536.75,17119.4,17213.6,17456.3
2021-02-09,17306.45,17043.65,17266.75,17279.85
2021-02-10,17477.15,17339,17463.8,17370.1
2021-02-11,17639.45,17427.15,17605.85,17554.1
2021-02-12,17454.75,17303,17374.75,17451
2021-02-13,17099.5,16809.65,16842.8,17076.15
2021-02-14,17375,16839.25,17352.45,16933.25
2021-02-15,17490.6,17257.7,17322.2,17408.45
2021-02-16,17442.9,17235.85,17304.6,17396.55
2021-02-17,17380.8,17219.2,17276.3,17236.05
2021-02-18,17351.05,17070.7,17206.65,17192.25
2021-02-19,17148.55,16843.8,17092.2,16847.95
2021-02-20,17220.7,17027.85,17063.25,17194.5
2021-02-21,16705.25,16203.25,16247.95,16548.9
2021-02-22,16748.8,16478.3,16658.4,16515.65
2021-02-23,16815.9,16356.3,16793.9,16481.6
2021-02-24,16678.5,16478.65,16605.95,16593.1
2021-02-25,16768.95,16442.95,16498.05,16723.2
2021-02-26,16456,16133.8,16245.35,16339.45
2021-02-27,15944.6,15711.45,15863.15,15867.95
2021-02-28,16028.75,15671.45,16013.45,15747.75
2021-03-01,16418.05,15990,16345.35,16078
2021-03-02,16757.3,16447.9,16594.9,16757.1
2021-03-03,16694.4,16470.9,16630.45,16528.8
2021-03-04,16887.95,16606.5,16871.3,16633.7
2021-03-05,16927.75,16555,16663,16900.65
2021-03-06,16987.9,16837.85,16975.35,16876.65
2021-03-07,17344.6,17175.75,17287.05,17202.9
2021-03-08,17353.35,17096.4,17117.6,17329.5
2021-03-09,17334.4,17006.3,17315.5,17120.4
2021-03-10,17442.4,17199.6,17245.65,17405.05
2021-03-11,17291.75,17091.15,17222.75,17094.95
2021-03-12,17294.9,17076.55,17153,17289
2021-03-13,17235.1,17003.9,17222,17181.85
2021-03-14,17343.65,17235.7,17325.3,17297.2
2021-03-15,17522.5,17387.2,17498.25,17468.15
2021-03-16,17559.8,17435.2,17464.75,17519.2
2021-03-17,17703.7,17422.7,17670.45,17436.9
2021-03-18,18114.65,17791.4,18053.4,17809.1
2021-03-19,18095.45,17921.55,17957.4,18080.6
2021-03-20,17901,17779.85,17807.65,17842.75
2021-03-21,17787.5,17623.7,17639.55,17723.3
2021-03-22,17842.75,17600.55,17784.35,17698.15
2021-03-23,17779.05,17650.95,17674.95,17740.9
2021-03-24,17595.3,17442.35,17530.3,17584.85
2021-03-25,17663.65,17457.4,17475.65,17599.9
2021-03-26,17237.75,17067.85,17173.65,17183.45
2021-03-27,17275.65,16824.7,16958.65,17258.95
2021-03-28,17186.9,16978.95,17136.55,17045.25
2021-03-29,17414.7,17215.5,17392.6,17234.6
2021-03-30,17315.3,17149.2,17171.95,17242.75
2021-03-31,17054.3,16888.7,16953.95,17009.05
2021-04-01,17223.85,17064.45,17200.8,17121.3
2021-04-02,17110.7,16958.45,17038.4,17073.35
2021-04-03,17322.5,17071.05,17245.05,17189.5
2021-04-04,17377.65,17053.25,17102.55,17329.25
2021-04-05,17092.25,16917.25,17069.1,16924.45
2021-04-06,17132.85,16623.95,16677.6,17096.6
2021-04-07,16945.7,16651.85,16682.65,16854.75
2021-04-08,16484.2,16340.9,16411.25,16415.55
2021-04-09,16403.7,16142.1,16301.85,16227.7
2021-04-10,16404.55,16197.3,16240.05,16248.9
2021-04-11,16318.75,15992.6,16167.1,16270.05
2021-04-12,16041.95,15735.75,15808,16021.1
2021-04-13,16083.6,15740.85,15782.15,15977
2021-04-14,15977.95,15739.65,15842.3,15845.1
2021-04-15,16284.25,15900.8,16259.3,15912.6
2021-04-16,16399.8,16211.2,16240.3,16318.15
2021-04-17,15984.75,15775.2,15809.4,15917.4
2021-04-18,16283.05,16003.85,16266.15,16043.8
2021-04-19,16414.7,16185.75,16214.7,16290.95
2021-04-20,16262.8,16078.6,16125.15,16225.55
2021-04-21,16223.35,16006.95,16025.8,16196.35
2021-04-22,16204.45,15903.7,16170.15,16105
2021-04-23,16370.6,16221.95,16352.45,16296.6
2021-04-24,16695.5,16506.15,16661.4,16527.9
2021-04-25,16690.75,16521.9,16584.55,16578.45
2021-04-26,16649.2,16438.85,16522.75,16594.4
2021-04-27,16646.4,16443.05,16628,16481.65
2021-04-28,16793.85,16567.9,16584.3,16761.65
2021-04-29,16610.95,16444.55,16569.55,16530.7
2021-04-30,16487.25,16347.1,16416.35,16469.6
2021-05-01,16514.3,16293.35,16356.25,16474.95
2021-05-02,16492.8,16243.85,16478.1,16263.85
2021-05-03,16324.7,16172.6,16201.8,16283.95
2021-05-04,15886.15,15684,15774.4,15877.55
2021-05-05,15858,15659.45,15732.1,15674.25
2021-05-06,15783.65,15678.9,15692.15,15729.25
2021-05-07,15863.15,15335.1,15360.6,15832.25
2021-05-08,15400.4,15183.4,15293.5,15272.65
2021-05-09,15382.5,15191.1,15350.15,15334.5
2021-05-10,15707.25,15419.85,15638.8,15455.95
2021-05-11,15565.4,15385.95,15413.3,15545.65
2021-05-12,15628.45,15367.5,15556.65,15451.55
2021-05-13,15749.25,15619.45,15699.25,15657.4
2021-05-14,15927.45,15815.5,15832.05,15926.2
2021-05-15,15892.1,15710.15,15850.2,15757.45
2021-05-16,15861.6,15687.8,15799.1,15701.7
2021-05-17,15890,15728.85,15780.25,15774.5
2021-05-18,15793.95,15511.05,15752.05,15703.7
2021-05-19,15852.35,15661.8,15835.35,15710.5
2021-05-20,16025.75,15785.45,15810.85,15909.15
2021-05-21,16011.35,15800.9,15989.8,15818.2
2021-05-22,16150.5,16045.95,16132.9,16113.75
2021-05-23,16275.5,16157.9,16220.6,16273.65
2021-05-24,16248.55,16115.5,16216,16136.15
2021-05-25,16158.75,16031.15,16058.3,16126.2
2021-05-26,16140,15950.15,15966.65,16128.2
2021-05-27,16070.85,15858.2,15938.65,16018.85
2021-05-28,16066.95,15927.3,16049.2,16010.8
2021-05-29,16287.95,16142.2,16278.5,16151.4
2021-05-30,16359.5,16187.05,16340.55,16187.05
2021-05-31,16588,16490.95,16520.85,16562.8
2021-06-01,16626.95,16483.9,16605.25,16523.55
2021-06-02,16752.25,16610.9,16719.45,16661.25
2021-06-03,16706.05,16564.25,16631,16662.55
2021-06-04,16636.1,16463.3,16483.85,16632.9
2021-06-05,16653.45,16438.75,16641.8,16475.35
2021-06-06,16947.65,16746.25,16929.6,16774.85
2021-06-07,17172.8,17018.15,17158.25,17079.5
2021-06-08,17356.25,17154.8,17340.05,17243.2
2021-06-09,17390.15,17215.85,17345.45,17310.15
2021-06-10,17407.5,17225.85,17388.15,17349.25
2021-06-11,17490.7,17161.25,17382,17463.1
2021-06-12,17474.4,17348.75,17397.5,17423.65
2021-06-13,17548.8,17359.75,17525.1,17401.5
2021-06-14,17566.1,17442.8,17534.75,17566.1
2021-06-15,17719.3,17631.95,17659,17711.65
2021-06-16,17724.65,17597.85,17698.15,17659.65
2021-06-17,17839.1,17764.05,17825.25,17797.2
2021-06-18,17965.95,17833.35,17944.25,17868.15
2021-06-19,17968.45,17852.05,17956.5,17898.65
2021-06-20,17992.2,17710.75,17758.45,17966.55
2021-06-21,17690.05,17467.35,17490.7,17682.9
2021-06-22,17625.55,17345.2,17577.5,17357.35
2021-06-23,17623.65,17499.25,17604.95,17525.45
2021-06-24,17726.5,17487.45,17522.45,17679
2021-06-25,17685.85,17519.35,17558.9,17619.3
2021-06-26,17380.15,17166.2,17312.9,17188.65
2021-06-27,17777.65,17401.5,17759.3,17414.95
2021-06-28,17695.6,17468.45,17542.8,17485.7
2021-06-29,17643.85,17476.45,17539.45,17598.4
2021-06-30,17683.15,17540.35,17665.8,17546.45
2021-07-01,17764.65,17587.65,17655.6,17695.7
2021-07-02,17650.75,17484.3,17624.4,17519.4
2021-07-03,17807.65,17691.95,17798.75,17748.15
2021-07-04,17925.95,17786,17833.35,17923.35
2021-07-05,17980.55,17889.15,17936.35,17890.85
2021-07-06,18088.3,18015.45,18070.05,18044.45
2021-07-07,18091.55,17771.15,18003.75,17771.15
2021-07-08,18096.15,17861.5,17877.4,18046.35
2021-07-09,17820.05,17497.25,17530.85,17796.8
2021-07-10,17667.2,17429.7,17622.25,17540.65
2021-07-11,17919.3,17744.4,17816.25,17770.4
2021-07-12,17838.7,17663.6,17718.35,17766.35
2021-07-13,17722.75,17532.45,17629.8,17609.65
2021-07-14,17642.15,17291.65,17327.35,17593.85
2021-07-15,17196.4,16978.3,17016.3,17156.3
2021-07-16,17176.45,16942.35,17007.4,17110.9
2021-07-17,17037.6,16820.4,16858.6,16870.55
2021-07-18,17026.05,16788.6,16818.1,16993.6
2021-07-19,17187.1,16747.7,17094.35,16798.05
2021-07-20,17114.65,16855.55,16887.35,17102.1
2021-07-21,17287.3,17117.3,17274.3,17147.45
2021-07-22,17428.8,17315.65,17331.8,17379.25
2021-07-23,17337.35,17216.95,17314.65,17287.2
2021-07-24,17280.15,17064.7,17241,17094.35
2021-07-25,17261.8,16950.3,16983.55,17256.05
2021-07-26,17142.35,16960.05,17123.6,17025.55
2021-07-27,17112.35,16956.95,17014.35,17087.35
2021-07-28,17348.55,17169.75,17185.7,17322.3
2021-07-29,17328.55,17098.55,17311.8,17144.8
2021-07-30,17527.8,17434.05,17486.95,17438.75
2021-07-31,17607.6,17472.85,17512.25,17568.15
2021-08-01,17584.15,17421,17563.95,17423.1
2021-08-02,17670.15,17520.75,17576.3,17622.85
2021-08-03,17777.55,17707.4,17730.75,17736.35
2021-08-04,17811.5,17637,17656.35,17808.3
2021-08-05,17783.9,17654.5,17736.95,17771.4
2021-08-06,17838.9,17723.7,17786.8,17756.4
2021-08-07,18022.8,17899.9,18012.2,17910.2
2021-08-08,18175.8,18060.15,18145.4,18130.7
2021-08-09,18178.75,18048.65,18082.85,18177.9
2021-08-10,18106.3,17959.2,18052.7,17968.35
2021-08-11,18135.1,18017.15,18117.15,18053.4
2021-08-12,18255.5,18064.75,18202.8,18211.75
2021-08-13,18296.4,18117.5,18157,18288.25
2021-08-14,18103.1,17969.4,18028.2,18044.35
2021-08-15,18362.3,18259.35,18349.7,18272.35
2021-08-16,18399.45,18311.4,18329.15,18376.4
2021-08-17,18427.95,18282,18403.4,18362.75
2021-08-18,18442.15,18344.15,18409.65,18398.25
2021-08-19,18417.6,18312.95,18343.9,18358.7
2021-08-20,18394.6,18209.8,18307.65,18382.95
2021-08-21,18262.3,18133.35,18159.95,18246.4
2021-08-22,18261.85,18137.7,18244.2,18179.15
2021-08-23,18325.4,18246,18267.25,18325.2
2021-08-24,18529.7,18294.25,18484.1,18326.1
2021-08-25,18534.9,18445.1,18512.75,18528.45
2021-08-26,18614.25,18365.6,18562.75,18430.55
2021-08-27,18678.1,18552.15,18618.05,18552.45
2021-08-28,18816.05,18616.55,18758.35,18625.7
2021-08-29,18887.6,18778.2,18812.5,18871.95
2021-08-30,18781.95,18639.2,18696.1,18752.4
2021-08-31,18728.6,18591.35,18701.05,18719.55
2021-09-01,18654.9,18577.9,18642.75,18600.65
2021-09-02,18668.3,18528.4,18560.5,18638.85
2021-09-03,18625,18536.95,18609.35,18570.85
2021-09-04,18664.7,18410.1,18496.6,18662.4
2021-09-05,18521.55,18345.7,18497.15,18402.15
2021-09-06,18617.25,18490.2,18608,18524.4
2021-09-07,18696.1,18632.9,18660.3,18671.25
2021-09-08,18652.9,18387.7,18414.9,18614.4
2021-09-09,18440.95,18255.15,18269,18319.1
2021-09-10,18431.65,18244.55,18420.45,18288.1
2021-09-11,18404.9,18202.65,18385.3,18340.3
2021-09-12,18473.35,18162.75,18199.1,18435.15
2021-09-13,18318.75,18068.6,18127.35,18288.8
2021-09-14,18050.45,17779.5,17806.8,17977.65
2021-09-15,18084.1,17774.25,18014.6,17830.4
2021-09-16,18149.25,17967.45,18132.3,18089.8
2021-09-17,18173.1,18068.35,18122.5,18084.75
2021-09-18,18229.7,17992.8,18191,18045.7
2021-09-19,18265.25,18080.3,18105.3,18259.1
2021-09-20,18215.15,18086.5,18197.45,18131.7
2021-09-21,18251.95,18149.8,18232.55,18163.2
2021-09-22,18243,18020.6,18042.95,18230.65
2021-09-23,18120.3,17892.6,17992.15,18101.95
2021-09-24,18047.4,17795.55,17859.45,18008.05
2021-09-25,18141.4,17936.15,18101.2,17952.55
2021-09-26,18127.6,17856,17914.15,18121.3
2021-09-27,17976.35,17824.35,17895.7,17924.25
2021-09-28,17945.8,17761.65,17858.2,17920.85
2021-09-29,17999.35,17774.25,17956.6,17867.5
2021-09-30,18049.65,17853.65,17894.85,18033.15
2021-10-01,18072.05,17886.95,18053.3,17922.8
2021-10-02,18183.75,18032.45,18165.35,18074.3
2021-10-03,18155.2,18063.75,18107.85,18119.8
2021-10-04,18145.45,18016.2,18027.65,18115.6
2021-10-05,18162.6,18063.45,18118.55,18118.45
2021-10-06,18201.25,18078.65,18118.3,18183.95
2021-10-07,18100.6,17846.15,17891.95,18093.35
2021-10-08,17884.75,17493.55,17604.35,17877.2
2021-10-09,17709.15,17405.55,17648.95,17541.95
2021-10-10,17735.7,17537.55,17662.15,17731.45
2021-10-11,17972.2,17353.4,17616.3,17811.6
2021-10-12,17653.9,17445.95,17610.4,17517.1
2021-10-13,17870.3,17584.2,17854.05,17721.75
2021-10-14,17823.7,17698.35,17764.6,17818.55
2021-10-15,17811.15,17652.55,17721.5,17790.1
2021-10-16,17898.7,17744.15,17871.7,17750.3
2021-10-17,17916.9,17779.8,17893.45,17885.5
2021-10-18,17876.95,17801,17856.5,17847.55
2021-10-19,17880.7,17719.75,17770.9,17859.1
2021-10-20,17954.55,17800.05,17929.85,17840.35
2021-10-21,18034.1,17853.8,18015.85,17896.6
2021-10-22,18134.75,18000.65,18035.85,18094.75
2021-10-23,18034.25,17884.6,17944.2,17974.85
2021-10-24,18004.35,17818.4,17844.6,17965.55
2021-10-25,17924.9,17800.3,17826.7,17905.8
2021-10-26,17772.5,17529.45,17554.3,17755.35
2021-10-27,17620.05,17455.4,17511.25,17574.65
2021-10-28,17599.75,17421.8,17465.8,17591.35
2021-10-29,17451.6,17299,17392.7,17428.6
2021-10-30,17440.45,17255.2,17303.95,17383.25
2021-10-31,17467.75,17345.25,17450.9,17360.1
2021-11-01,17445.8,17306,17321.9,17421.5
2021-11-02,17644.75,17427.7,17594.35,17451.25
2021-11-03,17799.95,17671.95,17711.45,17680.35
2021-11-04,17766.5,17602.25,17754.4,17665.75
2021-11-05,17772.35,17573.6,17589.6,17772.05
2021-11-06,17451.5,17324.35,17412.9,17443.8
2021-11-07,17529.9,17113.45,17154.3,17421.9
2021-11-08,17224.65,16987.1,17043.3,17160.55
2021-11-09,17211.35,16938.9,16972.15,17166.45
2021-11-10,17062.45,16850.15,16985.6,16994.65
2021-11-11,17145.8,16958.15,17100.05,17111.8
2021-11-12,17066.6,16828.35,16988.4,17066.6
2021-11-13,17127.7,17016,17107.5,17060.4
2021-11-14,17207.25,17107.85,17151.9,17177.45
2021-11-15,17205.4,17045.3,17076.9,17097.4
2021-11-16,17109.45,16917.35,16945.05,17076.2
2021-11-17,17091,16918.55,16985.7,16984.3
2021-11-18,17061.75,16913.75,16951.7,17031.75
2021-11-19,17126.15,16940.6,17080.7,16977.3
2021-11-20,17381.6,17204.65,17359.75,17210.35
2021-11-21,17428.05,17312.75,17398.05,17427.95
2021-11-22,17570.55,17402.7,17557.05,17422.3
2021-11-23,17638.7,17502.85,17599.15,17533.85
2021-11-24,17694.1,17597.95,17624.05,17634.9
2021-11-25,17748.75,17655.15,17722.3,17704.8
2021-11-26,17825.75,17717.25,17812.4,17759.55
2021-11-27,17842.15,17729.65,17828,17807.3
2021-11-28,17863,17574.05,17706.85,17863
2021-11-29,17766.6,17610.2,17660.15,17766.6
2021-11-30,17666.15,17579.85,17618.75,17653.35
2021-12-01,17684.45,17584.35,17624.45,17638.6
2021-12-02,17663.2,17553.95,17624.05,17639.75
2021-12-03,17754.5,17612.5,17743.4,17707.55
2021-12-04,17807.45,17716.85,17769.25,17761.55
2021-12-05,17827.75,17711.2,17813.6,17767.3
2021-12-06,17931.6,17797.9,17915.05,17813.1
2021-12-07,18089.15,17885.3,18065,17950.4
2021-12-08,18180.25,18101.75,18147.65,18124.8
2021-12-09,18116.35,18042.4,18089.85,18113.8
2021-12-10,18267.45,18066.7,18255.8,18081
2021-12-11,18216.95,18055.45,18069,18117.3
2021-12-12,18286.95,18100.3,18264.4,18120.6
2021-12-13,18344.2,18229.65,18265.95,18303.4
2021-12-14,18326.75,18211.95,18315.1,18313.6
2021-12-15,18389.7,18270.4,18297,18357.8
2021-12-16,18342.75,18194.55,18314.8,18273.75
2021-12-17,18458.9,18287.9,18398.85,18339.3
2021-12-18,18432.35,18264.35,18286.5,18432.35
2021-12-19,18309,18115.35,18181.75,18300.45
2021-12-20,18297.2,18104.85,18129.95,18287.5
2021-12-21,18218.1,18060.4,18203.4,18186.15
2021-12-22,18335.25,18178.85,18314.4,18201.1
2021-12-23,18419.75,18324.2,18348,18362.9
